,Row_Names,Row_Names_lower,Het_IS,Hom_SAPA_IS,Hom_SACE_IS,Introgressions,fractionHet,PhyloGroup_SACE469,ID,GenesSAPA_onlySACE,SACE217_plus_Alpechin,SACE217_plus_Alpechin_2,PhyloGroup_Fig3_MMMGsinclonas,Scer_PCT,Spar_PCT
1,BR001c1,br001c1,1,9,0,10,0.1,others,,NA,,Others,Others,94.0304,0.171
2,BR002c1,br002c1,17,53,0,70,0.242857143,others,,NA,,Others,Others,86.1308,1.5746
3,BR003c1,br003c1,15,30,2,47,0.319148936,others,,NA,,Others,Others,92.6168,1.0199
4,BR004c1,br004c1,18,30,2,50,0.36,others,,NA,,Others,Others,90.5486,0.9452
5,BR005c1,br005c1,14,17,0,31,0.451612903,others,,NA,,Others,Others,90.3722,0.677
6,BR006c1,br006c1,15,27,0,42,0.357142857,others,,NA,,Others,Others,90.974,0.8526
7,BR007c1,br007c1,12,48,0,60,0.2,others,,NA,,Others,Others,92.095,1.5675
8,BR008c1,br008c1,2,12,1,15,0.133333333,others,,NA,,Others,Others,92.4686,0.1658
9,BR009c1,br009c1,5,12,0,17,0.294117647,others,,NA,,Others,Others,94.1392,0.3282
10,BR010c1,br010c1,14,88,1,103,0.13592233,SAM2,br010c1,109,SAM2,SAM2,SAM2,90.1672,2.3152
11,BR011c1,br011c1,11,87,0,98,0.112244898,SAM2,br011c1,104,SAM2,SAM2,SAM2,87.4807,2.1245
12,BR012c1,br012c1,13,30,1,44,0.295454545,others,,NA,,Others,Others,91.9832,0.8859
13,BR013c1,br013c1,19,43,0,62,0.306451613,others,,NA,,Others,Others,89.616,1.1846
14,BR014c1,br014c1,18,43,0,61,0.295081967,others,,NA,,Others,Others,90.1132,1.1523
15,BR015c1,br015c1,14,59,1,74,0.189189189,others,,NA,,Others,Others,84.3554,1.555
16,BR016c1,br016c1,17,59,0,76,0.223684211,others,,NA,,Others,Others,87.6404,1.5964
17,BR020c1,br020c1,2,10,0,12,0.166666667,others,,NA,,Others,Others,91.8524,0.2145
18,BR021c1,br021c1,13,96,0,109,0.119266055,SAM2,br021c1,113,SAM2,SAM2,SAM2,88.1871,2.2448
19,BR022c1,br022c1,9,27,0,36,0.25,others,,NA,,Others,Others,88.9118,0.6664
20,BR023c1,br023c1,56,34,0,90,0.622222222,others,,NA,,Others,Others,92.4692,2.282
21,BR024c1,br024c1,9,32,0,41,0.219512195,others,,NA,,Others,Others,92.1532,0.8616
22,BR025c1,br025c1,7,57,0,64,0.109375,others,,NA,,Others,Others,91.219,1.4964
23,BR026c1,br026c1,2,8,0,10,0.2,others,,NA,,Others,Others,90.4637,0.2041
24,BR027c1,br027c1,8,47,0,55,0.145454545,others,,NA,,Others,Others,89.5842,1.2335
25,BR028c1,br028c1,9,27,0,36,0.25,others,,NA,,Others,Others,91.0436,0.6296
26,DK001c10,dk001c10,43,81,1,125,0.344,MMMG,dk001c10,141,MMMG,MMMG,MMMG,92.7063,2.9534
27,DK001c27,dk001c27,92,72,2,166,0.554216867,MMMG,dk001c27,179,MMMG,MMMG,MMMG,93.087,3.6631
28,DK003c56,dk003c56,21,102,1,124,0.169354839,MMMG,dk003c56,141,MMMG,MMMG,MMMG,92.2432,2.8043
29,DK016c5,dk016c5,25,98,0,123,0.203252033,MMMG,dk016c5,139,MMMG,MMMG,MMMG,92.5621,2.78
30,DK017c4,dk017c4,36,104,1,141,0.255319149,MMMG,dk017c4,157,MMMG,MMMG,MMMG,92.5282,2.9688
31,DK018c4,dk018c4,20,104,0,124,0.161290323,MMMG,dk018c4,139,MMMG,MMMG,MMMG,92.1948,2.6281
32,DK019c1,dk019c1,19,98,0,117,0.162393162,MMMG,dk019c1,130,MMMG,MMMG,MMMG,92.159,2.6499
33,DS002c10,ds002c10,23,27,1,51,0.450980392,Tequila,ds002c10,65,Tequila,Tequila,Tequila,94.8474,1.1398
34,DS002c4,ds002c4,9,117,2,128,0.0703125,MMMG,ds002c4,142,MMMG,MMMG,MMMG,91.5834,2.8226
35,DS002c5,ds002c5,12,119,1,132,0.090909091,MMMG,ds002c5,144,MMMG,MMMG,MMMG,91.5512,2.9144
36,DS002c6,ds002c6,12,121,1,134,0.089552239,MMMG,,NA,,NO,NA,91.5605,2.9338
37,ERR1308608,err1308608,2,7,0,9,0.222222222,others,,NA,,Others,Others,88.0332,0.0885
38,ERR1308637,err1308637,10,39,0,49,0.204081633,others,,NA,,Others,Others,94.7195,1.5851
39,ERR1308649,err1308649,4,11,0,15,0.266666667,others,,NA,,Others,Others,94.4376,0.455
40,ERR1308655,err1308655,4,15,0,19,0.210526316,others,,NA,,Others,Others,95.0243,0.5958
41,ERR1308678,err1308678,1,12,0,13,0.076923077,others,,NA,,Others,Others,95.1056,0.2632
42,ERR1308685,err1308685,4,17,0,21,0.19047619,others,,NA,,Others,Others,95.0618,0.5854
43,ERR1308708,err1308708,3,16,0,19,0.157894737,others,,NA,,Others,Others,95.1477,0.615
44,ERR1308722,err1308722,4,15,0,19,0.210526316,others,,NA,,Others,Others,94.8453,0.5214
45,ERR1308776,err1308776,5,15,0,20,0.25,others,,NA,,Others,Others,94.8859,0.5055
46,ERR1308783,err1308783,4,17,0,21,0.19047619,others,,NA,,Others,Others,95.2582,0.5579
47,ERR1308794,err1308794,4,20,0,24,0.166666667,others,,NA,,Others,Others,95.3235,0.6
48,ERR1308822,err1308822,1,14,0,15,0.066666667,others,,NA,,Others,Others,95.1447,0.3417
49,ERR1308849,err1308849,2,11,0,13,0.153846154,others,,NA,,Others,Others,94.7405,0.2838
50,ERR1308915,err1308915,3,16,0,19,0.157894737,others,,NA,,Others,Others,95.1793,0.5869
51,ERR1308971,err1308971,4,15,0,19,0.210526316,others,,NA,,Others,Others,95.0829,0.587
52,ERR1308975,err1308975,2,17,0,19,0.105263158,others,,NA,,Others,Others,95.0237,0.5546
53,ERR1308993,err1308993,5,15,0,20,0.25,others,,NA,,Others,Others,94.8244,0.5447
54,ERR1308999,err1308999,3,17,0,20,0.15,others,,NA,,Others,Others,95.2708,0.5627
55,ERR1309013,err1309013,4,15,0,19,0.210526316,others,,NA,,Others,Others,94.9453,0.5654
56,ERR1309020,err1309020,6,59,0,65,0.092307692,SAM2,err1309020,70,SAM2,SAM2,SAM2,93.2468,2.292
57,ERR1309074,err1309074,0,13,0,13,0,others,,NA,,Others,Others,95.2262,0.2756
58,ERR1309078,err1309078,4,20,0,24,0.166666667,others,,NA,,Others,Others,95.1196,0.619
59,ERR1309090,err1309090,5,15,0,20,0.25,others,,NA,,Others,Others,95.0037,0.5546
60,ERR1309100,err1309100,4,17,0,21,0.19047619,others,,NA,,Others,Others,95.2767,0.5934
61,ERR1309119,err1309119,1,12,0,13,0.076923077,others,,NA,,Others,Others,95.3077,0.3188
62,ERR1309133,err1309133,2,12,0,14,0.142857143,others,,NA,,Others,Others,95.4818,0.4119
63,ERR1309203,err1309203,2,13,0,15,0.133333333,others,,NA,,Others,Others,94.8759,0.3626
64,ERR1309212,err1309212,3,10,0,13,0.230769231,others,,NA,,Others,Others,94.9126,0.3611
65,ERR1309222,err1309222,4,11,0,15,0.266666667,others,,NA,,Others,Others,94.5192,0.4897
66,ERR1309288,err1309288,2,28,0,30,0.066666667,others,,NA,,Others,Others,94.4009,0.6334
67,ERR1309296,err1309296,2,11,0,13,0.153846154,others,,NA,,Others,Others,94.875,0.3561
68,ERR1309321,err1309321,1,10,1,12,0.083333333,others,,NA,,Others,Others,95.3168,0.3564
69,ERR1309363,err1309363,2,11,0,13,0.153846154,others,,NA,,Others,Others,94.9673,0.38
70,ERR1309378,err1309378,2,13,0,15,0.133333333,others,,NA,,Others,Others,95.3317,0.4059
71,ERR1309443,err1309443,5,15,0,20,0.25,others,,NA,,Others,Others,94.7112,0.473
72,ERR1309444,err1309444,0,12,0,12,0,others,,NA,,Others,Others,95.0201,0.3018
73,ERR1309445,err1309445,2,12,0,14,0.142857143,others,,NA,,Others,Others,94.9189,0.3323
74,ERR1309458,err1309458,2,17,0,19,0.105263158,others,,NA,,Others,Others,95.152,0.6167
75,ERR1309514,err1309514,17,40,1,58,0.293103448,SAM2,err1309514,64,SAM2,SAM2,SAM2,94.2867,1.6069
76,ERR2299969,err2299969,3,13,0,16,0.1875,others,,NA,,Others,Others,83.4645,0.2305
77,ERR2299976,err2299976,11,8,0,19,0.578947368,others,,NA,,Others,Others,92.8093,0.3223
78,ERR2299978,err2299978,3,6,0,9,0.333333333,others,,NA,,Others,Others,91.6836,0.1951
79,ERR2299979,err2299979,5,15,0,20,0.25,others,,NA,,Others,Others,85.6782,0.2514
80,ERR2299980,err2299980,1,10,1,12,0.083333333,others,,NA,,Others,Others,93.0716,0.2624
81,ERR2299981,err2299981,7,11,0,18,0.388888889,others,,NA,,Others,Others,93.7663,0.4248
82,ERR2299982,err2299982,1,7,0,8,0.125,others,,NA,,Others,Others,89.1277,0.315
83,ERR2299983,err2299983,4,15,0,19,0.210526316,others,,NA,,Others,Others,91.7797,0.4395
84,ERR2299984,err2299984,5,13,0,18,0.277777778,others,,NA,,Others,Others,93.289,0.3984
85,ERR2299987,err2299987,16,29,0,45,0.355555556,others,,NA,,Others,Others,90.6492,0.8514
86,ERR756202,err756202,6,22,0,28,0.214285714,others,,NA,,Others,Others,65.7246,0.2578
87,JS002c1,js002c1,0,7,0,7,0,others,,NA,,Others,Others,94.5349,0.2134
88,JS008c1,js008c1,3,10,0,13,0.230769231,others,,NA,,Others,Others,94.8688,0.3364
89,JS014c1,js014c1,13,37,0,50,0.26,FG,js014c1,54,FG,FG,FG,93.7697,1.5126
90,JS022c1,js022c1,1,20,0,21,0.047619048,others,,NA,,Others,Others,95.0209,0.4425
91,JS025c1,js025c1,18,237,0,255,0.070588235,Alpechin,,NA,Alpechin,Alpechin,Alpechin,90.4177,4.8839
92,JS032c1,js032c1,4,26,0,30,0.133333333,others,,NA,,Others,Others,94.8781,0.6273
93,JS033c1,js033c1,1,9,0,10,0.1,others,,NA,,Others,Others,94.5107,0.2448
94,JS038c1,js038c1,1,13,0,14,0.071428571,others,,NA,,Others,Others,95.2836,0.2957
95,JS065c1,js065c1,0,6,0,6,0,others,,NA,,Others,Others,93.4322,0.1658
96,JS070c1,js070c1,4,17,0,21,0.19047619,others,,NA,,Others,Others,95.1906,0.5854
97,JS080c1,js080c1,0,11,0,11,0,others,,NA,,Others,Others,94.6685,0.2883
98,JS086c1,js086c1,4,17,0,21,0.19047619,others,,NA,,Others,Others,94.97,0.5288
99,JS089c1,js089c1,4,17,0,21,0.19047619,others,,NA,,Others,Others,94.9987,0.6105
100,JS094c1,js094c1,2,8,0,10,0.2,others,,NA,,Others,Others,94.8014,0.2257
101,JS098c1,js098c1,4,13,0,17,0.235294118,others,,NA,,Others,Others,94.5403,0.4746
102,JS104c1,js104c1,63,197,1,261,0.24137931,Alpechin,,NA,Alpechin,Alpechin,Alpechin,90.9291,5.1625
103,JS109c1,js109c1,48,90,0,138,0.347826087,MMMG,js109c1,152,MMMG,MMMG,MMMG,93.0759,3.3823
104,JS114c1,js114c1,18,41,1,60,0.3,FG,js114c1,67,FG,FG,FG,94.0287,1.728
105,JS119c1,js119c1,1,8,0,9,0.111111111,others,,NA,,Others,Others,93.0897,0.2037
106,JS127c1,js127c1,3,15,0,18,0.166666667,others,,NA,,Others,Others,95.531,0.598
107,JS150c1,js150c1,17,45,0,62,0.274193548,FG,js150c1,70,FG,FG,FG,93.618,1.7178
108,JS157c1,js157c1,16,223,0,239,0.066945607,Alpechin,,NA,Alpechin,Alpechin,Alpechin,89.8492,4.5994
109,JS160c1,js160c1,0,12,0,12,0,others,,NA,,Others,Others,94.607,0.2631
110,JS161c1,js161c1,0,8,0,8,0,others,,NA,,Others,Others,94.0985,0.2309
111,JS163c1,js163c1,6,19,0,25,0.24,others,,NA,,Others,Others,95.4124,0.6274
112,JS165c1,js165c1,11,39,0,50,0.22,FG,js165c1,54,FG,FG,FG,93.8056,1.3969
113,JS166c1,js166c1,15,16,1,32,0.46875,others,,NA,,Others,Others,95.5124,0.5858
114,JS171c1,js171c1,12,47,1,60,0.2,FG,js171c1,64,FG,FG,FG,93.5198,1.5781
115,JS191c1,js191c1,13,226,0,239,0.054393305,Alpechin,,NA,Alpechin,Alpechin,Alpechin,90.4104,4.5712
116,JS194c1,js194c1,2,21,0,23,0.086956522,others,,NA,,Others,Others,95.3748,0.5973
117,JS204c1,js204c1,0,10,1,11,0,others,,NA,,Others,Others,94.3519,0.2256
118,JS208c1,js208c1,12,36,1,49,0.244897959,FG,js208c1,54,FG,FG,FG,93.6625,1.3708
119,JS210c1,js210c1,11,41,0,52,0.211538462,FG,js210c1,56,FG,FG,FG,93.5809,1.4877
120,JS211c1,js211c1,17,262,0,279,0.0609319,Alpechin,,NA,Alpechin,Alpechin,Alpechin,90.2573,5.1919
121,JS229c1,js229c1,2,8,0,10,0.2,others,,NA,,Others,Others,94.9487,0.2519
122,JS235c1,js235c1,2,9,0,11,0.181818182,others,,NA,,Others,Others,95.2278,0.3154
123,JS240c1,js240c1,184,91,0,275,0.669090909,Tamaulipas,js240c1,285,Tamaulipas,Tamaulipas,Tamaulipas,93.6386,5.417
124,JS246c1,js246c1,10,34,1,45,0.222222222,FG,js246c1,52,FG,FG,FG,93.6184,1.3328
125,JS247c1,js247c1,1,10,0,11,0.090909091,others,,NA,,Others,Others,95.9856,0.2791
126,JS252c1,js252c1,4,18,0,22,0.181818182,others,,NA,,Others,Others,95.2205,0.7121
127,JS254c1,js254c1,0,8,0,8,0,others,,NA,,Others,Others,94.4171,0.2616
128,JS262c1,js262c1,4,11,0,15,0.266666667,others,,NA,,Others,Others,94.4556,0.2706
129,JS263c1,js263c1,13,38,1,52,0.25,FG,js263c1,59,FG,FG,FG,93.688,1.4614
130,JS270c1,js270c1,16,44,2,62,0.258064516,FG,js270c1,70,FG,FG,FG,93.3788,1.678
131,JS273c1,js273c1,182,88,0,270,0.674074074,Tamaulipas,js273c1,280,Tamaulipas,Tamaulipas,Tamaulipas,93.5533,5.292
132,JS274c1,js274c1,16,221,1,238,0.067226891,Alpechin,,NA,Alpechin,Alpechin,Alpechin,91.1182,4.6676
133,JS277c1,js277c1,6,33,2,41,0.146341463,FG,js277c1,45,FG,FG,FG,93.9391,1.3746
134,JS281c1,js281c1,8,14,0,22,0.363636364,others,,NA,,Others,Others,95.3894,0.6214
135,JS288c1,js288c1,0,10,0,10,0,others,,NA,,Others,Others,94.2148,0.259
136,JS293c1,js293c1,4,15,0,19,0.210526316,others,,NA,,Others,Others,94.4324,0.4743
137,JS294c1,js294c1,3,7,0,10,0.3,others,,NA,,Others,Others,94.609,0.2782
138,JS308c1,js308c1,0,9,0,9,0,others,,NA,,Others,Others,94.3478,0.2728
139,JS310c1,js310c1,12,40,1,53,0.226415094,FG,js310c1,60,FG,FG,FG,93.5597,1.5254
140,JS311c1,js311c1,10,39,1,50,0.2,FG,js311c1,56,FG,FG,FG,93.6232,1.3989
141,JS312c1,js312c1,0,6,1,7,0,others,,NA,,Others,Others,95.7771,0.1332
142,JS319c1,js319c1,0,8,0,8,0,others,,NA,,Others,Others,94.1297,0.2529
143,JS321c1,js321c1,18,282,0,300,0.06,Alpechin,,NA,Alpechin,Alpechin,Alpechin,89.6504,5.6035
144,JS326c1,js326c1,11,41,2,54,0.203703704,FG,js326c1,65,FG,FG,FG,93.6496,1.4603
145,JS329c1,js329c1,2,16,0,18,0.111111111,others,,NA,,Others,Others,94.5249,0.4948
146,JS345c1,js345c1,0,8,0,8,0,others,,NA,,Others,Others,94.452,0.2298
147,JS346c1,js346c1,3,16,0,19,0.157894737,others,,NA,,Others,Others,94.5834,0.4414
148,JS348c1,js348c1,0,9,0,9,0,others,,NA,,Others,Others,93.9817,0.2094
149,JS356c1,js356c1,4,11,0,15,0.266666667,others,,NA,,Others,Others,94.4764,0.3332
150,JS368c1,js368c1,3,11,0,14,0.214285714,others,,NA,,Others,Others,95.156,0.3017
151,JS372c1,js372c1,3,20,0,23,0.130434783,others,,NA,,Others,Others,95.0304,0.5739
152,JS375c1,js375c1,4,15,0,19,0.210526316,others,,NA,,Others,Others,95.0386,0.5792
153,JS378c1,js378c1,0,10,0,10,0,others,,NA,,Others,Others,94.3607,0.2657
154,JS382c1,js382c1,0,7,0,7,0,others,,NA,,Others,Others,93.6157,0.2325
155,JS385c1,js385c1,1,11,0,12,0.083333333,others,,NA,,Others,Others,94.2407,0.4127
156,JS387c1,js387c1,7,42,1,50,0.14,FG,js387c1,56,FG,FG,FG,93.7984,1.5553
157,JS389c1,js389c1,3,9,0,12,0.25,others,,NA,,Others,Others,94.5627,0.2947
158,JS402c1,js402c1,1,7,0,8,0.125,others,,NA,,Others,Others,94.9152,0.2619
159,JS403c1,js403c1,0,12,0,12,0,others,,NA,,Others,Others,94.5792,0.2802
160,JS410c1,js410c1,2,25,0,27,0.074074074,others,,NA,,Others,Others,94.0108,0.5177
161,JS417c1,js417c1,3,20,0,23,0.130434783,others,,NA,,Others,Others,95.2921,0.6685
162,JS418c1,js418c1,6,18,0,24,0.25,others,,NA,,Others,Others,94.7312,0.5991
163,JS419c1,js419c1,0,9,0,9,0,others,,NA,,Others,Others,94.1033,0.3379
164,JS421c1,js421c1,89,68,1,158,0.563291139,Tamaulipas,js421c1,170,Tamaulipas,Tamaulipas,Tamaulipas,93.8715,3.5311
165,JS423c1,js423c1,8,9,0,17,0.470588235,others,,NA,,Others,Others,95.8581,0.5831
166,JS440c1,js440c1,15,97,2,114,0.131578947,SAM2,js440c1,123,SAM2,SAM2,SAM2,92.8022,3.0251
167,JS445c1,js445c1,1,5,0,6,0.166666667,others,,NA,,Others,Others,94.6984,0.223
168,JS454c1,js454c1,3,18,0,21,0.142857143,others,,NA,,Others,Others,95.1755,0.6769
169,JS460c1,js460c1,1,5,0,6,0.166666667,others,,NA,,Others,Others,94.3506,0.229
170,JS462c1,js462c1,113,89,1,203,0.556650246,Tamaulipas,js462c1,217,Tamaulipas,Tamaulipas,Tamaulipas,93.411,4.2517
171,JS468c1,js468c1,11,40,2,53,0.20754717,FG,js468c1,60,FG,FG,FG,93.7543,1.443
172,JS471c1,js471c1,4,13,0,17,0.235294118,others,,NA,,Others,Others,95.4412,0.4597
173,JS474c1,js474c1,4,19,0,23,0.173913043,others,,NA,,Others,Others,95.0613,0.6594
174,JS497c1,js497c1,20,113,0,133,0.15037594,MMMG,js497c1,146,MMMG,MMMG,MMMG,92.1021,3.1977
175,JS499c1,js499c1,2,13,0,15,0.133333333,others,,NA,,Others,Others,95.3317,0.4059
176,JS502c1,js502c1,1,8,0,9,0.111111111,others,,NA,,Others,Others,94.2989,0.2463
177,JS510c1,js510c1,4,38,0,42,0.095238095,others,,NA,,Others,Others,94.1249,0.8093
178,JS525c1,js525c1,14,16,0,30,0.466666667,others,,NA,,Others,Others,95.601,0.8398
179,JS527c1,js527c1,10,35,1,46,0.217391304,FG,js527c1,51,FG,FG,FG,93.7301,1.3235
180,JS542c1,js542c1,4,15,0,19,0.210526316,others,,NA,,Others,Others,94.9754,0.6008
181,JS553c1,js553c1,0,7,0,7,0,others,,NA,,Others,Others,94.0594,0.1777
182,JS561c1,js561c1,2,7,0,9,0.222222222,others,,NA,,Others,Others,94.8777,0.2739
183,JS562c1,js562c1,6,10,0,16,0.375,others,,NA,,Others,Others,94.5972,0.2899
184,JS574c1,js574c1,0,10,0,10,0,others,,NA,,Others,Others,94.5369,0.2315
185,JS576c1,js576c1,4,10,0,14,0.285714286,others,,NA,,Others,Others,94.9363,0.3944
186,JS579c1,js579c1,4,11,1,16,0.25,others,,NA,,Others,Others,95.5101,0.6066
187,JS581c1,js581c1,4,11,0,15,0.266666667,others,,NA,,Others,Others,94.4593,0.3233
188,JS585c1,js585c1,1,14,0,15,0.066666667,others,,NA,,Others,Others,94.7959,0.3152
189,JS594c1,js594c1,37,240,1,278,0.133093525,Alpechin,,NA,Alpechin,Alpechin,Alpechin,90.3447,5.239
190,JS599c1,js599c1,13,40,1,54,0.240740741,FG,js599c1,62,FG,FG,FG,93.7465,1.4732
191,JS611c1,js611c1,5,30,0,35,0.142857143,others,,NA,,Others,Others,94.2759,0.8341
192,JS612c1,js612c1,3,26,0,29,0.103448276,others,,NA,,Others,Others,94.8911,0.644
193,JS624c1,js624c1,2,13,0,15,0.133333333,others,,NA,,Others,Others,94.2009,0.3869
194,JS646c1,js646c1,4,15,0,19,0.210526316,others,,NA,,Others,Others,95.0318,0.5794
195,JS649c1,js649c1,1,22,0,23,0.043478261,others,,NA,,Others,Others,94.3324,0.6209
196,JS654c1,js654c1,11,44,1,56,0.196428571,FG,js654c1,65,FG,FG,FG,93.6967,1.5574
197,JS657c1,js657c1,2,7,0,9,0.222222222,others,,NA,,Others,Others,93.6761,0.2501
198,JS660c1,js660c1,1,8,0,9,0.111111111,others,,NA,,Others,Others,95.4159,0.2707
199,JS670c1,js670c1,4,16,0,20,0.2,others,,NA,,Others,Others,95.1243,0.5618
200,JS671c1,js671c1,0,7,0,7,0,others,,NA,,Others,Others,95.0003,0.2903
201,JS677c1,js677c1,2,9,0,11,0.181818182,others,,NA,,Others,Others,94.2461,0.3998
202,JS678c1,js678c1,3,19,0,22,0.136363636,others,,NA,,Others,Others,95.1241,0.6255
203,JS682c1,js682c1,1,10,0,11,0.090909091,others,,NA,,Others,Others,94.8134,0.3273
204,JS688c1,js688c1,0,10,0,10,0,others,,NA,,Others,Others,94.8346,0.3374
205,JS691c1,js691c1,13,45,1,59,0.220338983,FG,js691c1,66,FG,FG,FG,93.3938,1.5945
206,JS719c1,js719c1,2,13,0,15,0.133333333,others,,NA,,Others,Others,95.0139,0.3792
207,JS722c1,js722c1,3,7,0,10,0.3,others,,NA,,Others,Others,94.4385,0.2782
208,JS728c1,js728c1,13,45,2,60,0.216666667,FG,js728c1,70,FG,FG,FG,93.5374,1.5865
209,JS733c1,js733c1,0,9,0,9,0,others,,NA,,Others,Others,94.7748,0.2161
210,JS735c1,js735c1,1,7,0,8,0.125,others,,NA,,Others,Others,94.4404,0.259
211,JS737c1,js737c1,17,279,0,296,0.057432432,Alpechin,,NA,Alpechin,Alpechin,Alpechin,89.7787,5.5959
212,JS740c1,js740c1,3,10,0,13,0.230769231,others,,NA,,Others,Others,94.8585,0.3772
213,JS741c1,js741c1,0,8,0,8,0,others,,NA,,Others,Others,94.7884,0.2308
214,JS748c1,js748c1,4,10,0,14,0.285714286,others,,NA,,Others,Others,94.8487,0.3003
215,JS754c1,js754c1,12,41,1,54,0.222222222,FG,js754c1,59,FG,FG,FG,93.6627,1.471
216,JS756c1,js756c1,3,7,0,10,0.3,others,,NA,,Others,Others,94.6641,0.3105
217,JS757c1,js757c1,3,15,0,18,0.166666667,others,,NA,,Others,Others,95.1371,0.5639
218,JS759c1,js759c1,20,41,0,61,0.327868852,FG,js759c1,70,FG,FG,FG,93.8261,1.6916
219,JS760c1,js760c1,2,23,0,25,0.08,others,,NA,,Others,Others,94.5264,0.6639
220,JS771c1,js771c1,4,16,0,20,0.2,others,,NA,,Others,Others,94.756,0.6132
221,JS772c1,js772c1,0,8,1,9,0,others,,NA,,Others,Others,94.3845,0.2691
222,JS773c1,js773c1,4,27,0,31,0.129032258,others,,NA,,Others,Others,94.9939,0.6734
223,JS774c1,js774c1,5,17,0,22,0.227272727,others,,NA,,Others,Others,95.0433,0.6105
224,JS781c1,js781c1,3,16,0,19,0.157894737,others,,NA,,Others,Others,95.137,0.6163
225,JS783c1,js783c1,5,37,1,43,0.11627907,others,,NA,,Others,Others,94.5124,0.9966
226,JS804c1,js804c1,2,10,0,12,0.166666667,others,,NA,,Others,Others,94.4811,0.3769
227,JS806c1,js806c1,48,85,0,133,0.360902256,Tamaulipas,js806c1,148,Tamaulipas,Tamaulipas,Tamaulipas,93.3219,2.8688
228,JS807c1,js807c1,2,12,0,14,0.142857143,others,,NA,,Others,Others,95.3298,0.4055
229,JS817c1,js817c1,0,8,0,8,0,others,,NA,,Others,Others,94.8729,0.2505
230,JS818c1,js818c1,19,45,3,67,0.28358209,FG,js818c1,75,FG,FG,FG,93.4457,1.7105
231,JS825c1,js825c1,0,11,0,11,0,others,,NA,,Others,Others,94.5489,0.3237
232,JS827c1,js827c1,1,10,0,11,0.090909091,others,,NA,,Others,Others,95.1485,0.2831
233,JS835c1,js835c1,17,46,1,64,0.265625,FG,js835c1,76,FG,FG,FG,93.5952,1.7214
234,JS846c1,js846c1,7,11,0,18,0.388888889,others,,NA,,Others,Others,95.271,0.5246
235,JS849c1,js849c1,2,15,0,17,0.117647059,others,,NA,,Others,Others,94.7373,0.4454
236,JS861c1,js861c1,10,32,0,42,0.238095238,FG,js861c1,48,FG,FG,FG,93.7702,1.2863
237,JS862c1,js862c1,2,9,0,11,0.181818182,others,,NA,,Others,Others,94.3277,0.2885
238,JS863c1,js863c1,51,85,0,136,0.375,Tamaulipas,js863c1,150,Tamaulipas,Tamaulipas,Tamaulipas,93.6099,2.9862
239,JS880c1,js880c1,41,90,0,131,0.312977099,Tamaulipas,js880c1,147,Tamaulipas,Tamaulipas,Tamaulipas,93.3964,2.947
240,JS881c1,js881c1,3,15,1,19,0.157894737,others,,NA,,Others,Others,94.83,0.3615
241,JS885c1,js885c1,7,11,0,18,0.388888889,others,,NA,,Others,Others,95.175,0.4733
242,JS889c1,js889c1,12,38,0,50,0.24,FG,js889c1,55,FG,FG,FG,93.7092,1.4551
243,JS898c1,js898c1,0,8,0,8,0,others,,NA,,Others,Others,94.7973,0.2765
244,JS903c1,js903c1,2,12,0,14,0.142857143,others,,NA,,Others,Others,95.3036,0.3833
245,JS906c1,js906c1,0,11,0,11,0,others,,NA,,Others,Others,94.5179,0.331
246,JS910c1,js910c1,5,17,0,22,0.227272727,others,,NA,,Others,Others,94.9388,0.5968
247,JS915c1,js915c1,17,222,0,239,0.071129707,Alpechin,,NA,Alpechin,Alpechin,Alpechin,90.3493,4.6154
248,JS922c1,js922c1,7,45,3,55,0.127272727,FG,js922c1,61,FG,FG,FG,93.72,1.6945
249,JS925c1,js925c1,18,268,0,286,0.062937063,Alpechin,,NA,Alpechin,Alpechin,Alpechin,89.8107,5.358
250,JS928c1,js928c1,2,8,0,10,0.2,others,,NA,,Others,Others,95.1169,0.2599
251,JS933c1,js933c1,12,44,1,57,0.210526316,FG,js933c1,67,FG,FG,FG,93.8585,1.5522
252,JS937c1,js937c1,65,217,0,282,0.230496454,Alpechin,,NA,Alpechin,Alpechin,Alpechin,90.691,5.4803
253,JS939c1,js939c1,0,10,0,10,0,others,,NA,,Others,Others,94.8368,0.2748
254,SRR5678625,srr5678625,5,15,0,20,0.25,others,,NA,,Others,Others,94.2669,0.4278
255,SRR5678661,srr5678661,10,21,0,31,0.322580645,others,,NA,,Others,Others,94.1111,0.6819
256,SRR5678667,srr5678667,2,10,0,12,0.166666667,others,,NA,,Others,Others,94.3094,0.4282
257,SRR800806,srr800806,3,16,0,19,0.157894737,others,,NA,,Others,Others,93.8925,0.3688
258,SRR800827,srr800827,8,59,1,68,0.117647059,SAM2,srr800827,75,SAM2,SAM2,SAM2,93.7266,2.1049
259,SRR800836,srr800836,3,17,0,20,0.15,others,,NA,,Others,Others,95.0938,0.6423
260,SRR800838,srr800838,3,16,0,19,0.157894737,others,,NA,,Others,Others,94.4403,0.4043
261,SRR800841,srr800841,1,7,0,8,0.125,others,,NA,,Others,Others,94.5982,0.2001
262,XA017c1,xa017c1,22,99,0,121,0.181818182,MMMG,xa017c1,135,MMMG,MMMG,MMMG,92.2408,2.8007
263,XA023c1,xa023c1,22,103,0,125,0.176,MMMG,xa023c1,139,MMMG,MMMG,MMMG,92.0658,2.7487
264,XA024c2,xa024c2,19,107,1,127,0.149606299,MMMG,xa024c2,141,MMMG,MMMG,MMMG,92.0867,2.7977
265,XA030c1,xa030c1,14,103,1,118,0.118644068,MMMG,xa030c1,133,MMMG,MMMG,MMMG,92.0829,2.6134
266,XA031c2,xa031c2,39,88,2,129,0.302325581,MMMG,,NA,,NO,NA,92.9886,2.8763
267,XA055c2,xa055c2,16,124,2,142,0.112676056,MMMG,,NA,,NO,NA,91.7618,3.0688
268,XA057c4,xa057c4,42,111,0,153,0.274509804,MMMG,xa057c4,167,MMMG,MMMG,MMMG,92.4843,3.2484
269,XA070c1,xa070c1,34,96,0,130,0.261538462,MMMG,xa070c1,145,MMMG,MMMG,MMMG,92.4168,2.9853
270,XA072c4,xa072c4,18,107,0,125,0.144,MMMG,xa072c4,140,MMMG,MMMG,MMMG,92.1145,2.9085
271,XA074c2,xa074c2,47,94,2,143,0.328671329,MMMG,xa074c2,156,MMMG,MMMG,MMMG,92.7622,3.1183
272,XA081c6,xa081c6,44,80,1,125,0.352,MMMG,xa081c6,140,MMMG,MMMG,MMMG,92.554,2.8911
273,XA083c1,xa083c1,44,79,1,124,0.35483871,MMMG,,NA,,NO,NA,92.6266,2.9221
274,XA083c6,xa083c6,76,77,2,155,0.490322581,MMMG,xa083c6,168,MMMG,MMMG,MMMG,93.0436,3.5384
275,XA097c4,xa097c4,69,76,0,145,0.475862069,MMMG,xa097c4,160,MMMG,MMMG,MMMG,92.9482,3.0505
276,XA098c2,xa098c2,55,86,0,141,0.390070922,MMMG,xa098c2,156,MMMG,MMMG,MMMG,92.7857,3.1928
277,XA107c1,xa107c1,21,99,0,120,0.175,MMMG,,NA,,NO,NA,92.1916,2.783
278,XA108c1,xa108c1,13,116,0,129,0.100775194,MMMG,,NA,,NO,NA,91.7521,3.1444
279,XA121c18,xa121c18,53,118,0,171,0.30994152,Tamaulipas,xa121c18,184,Tamaulipas,Tamaulipas,Tamaulipas,92.213,3.5542
280,XA121c20,xa121c20,44,79,1,124,0.35483871,Tamaulipas,xa121c20,139,Tamaulipas,Tamaulipas,Tamaulipas,93.0002,2.5456
281,XA121c6,xa121c6,87,67,2,156,0.557692308,Tamaulipas,xa121c6,172,Tamaulipas,Tamaulipas,Tamaulipas,93.4071,3.0868
282,XA124c1,xa124c1,6,23,0,29,0.206896552,others,xa124c1,29,others,Others,Others,94.5742,0.8482
283,XA125c5,xa125c5,17,44,1,62,0.274193548,others,xa125c5,74,others,Others,Others,93.9961,1.4931
284,XA126c1,xa126c1,4,36,0,40,0.1,others,xa126c1,40,others,Others,Others,94.294,1.2141
285,XA126c5,xa126c5,3,25,1,29,0.103448276,others,xa126c5,34,others,Others,Others,94.4689,0.7014
286,XA126c7,xa126c7,71,81,0,152,0.467105263,Tamaulipas,xa126c7,165,Tamaulipas,Tamaulipas,Tamaulipas,93.1182,3.0724
287,XA131c1,xa131c1,18,104,0,122,0.147540984,MMMG,,NA,,NO,NA,92.0847,2.932
288,XA131c10,xa131c10,20,106,0,126,0.158730159,MMMG,,NA,,NO,NA,92.019,2.9209
289,XA131c13,xa131c13,18,104,0,122,0.147540984,MMMG,,NA,,NO,NA,92.0123,2.8366
290,XA131c18,xa131c18,20,97,1,118,0.169491525,MMMG,xa131c18,131,MMMG,MMMG,MMMG,92.1358,2.7477
291,XA131c2,xa131c2,21,106,0,127,0.165354331,MMMG,,NA,,NO,NA,92.0169,2.9077
292,XA131c20,xa131c20,20,105,0,125,0.16,MMMG,,NA,,NO,NA,92,2.8937
293,XA131c4,xa131c4,21,106,0,127,0.165354331,MMMG,,NA,,NO,NA,92.0011,2.9027
294,XA132c2,xa132c2,48,90,0,138,0.347826087,MMMG,xa132c2,152,MMMG,MMMG,MMMG,92.7249,3.1543
295,XA133c5,xa133c5,21,101,2,124,0.169354839,MMMG,xa133c5,134,MMMG,MMMG,MMMG,92.3259,2.7027
296,XA134c1,xa134c1,78,73,1,152,0.513157895,MMMG,xa134c1,165,MMMG,MMMG,MMMG,93.0965,3.4404
297,XA137c1,xa137c1,70,73,0,143,0.48951049,MMMG,xa137c1,157,MMMG,MMMG,MMMG,93.1623,3.149
298,XA139c1,xa139c1,75,69,3,147,0.510204082,MMMG,xa139c1,161,MMMG,MMMG,MMMG,93.1143,3.2516
299,XA140c2,xa140c2,71,74,2,147,0.482993197,MMMG,xa140c2,161,MMMG,MMMG,MMMG,92.9514,3.3933
300,XA142c1,xa142c1,19,106,2,127,0.149606299,MMMG,xa142c1,141,MMMG,MMMG,MMMG,92.0678,2.7958
301,XA143c7,xa143c7,51,94,1,146,0.349315068,MMMG,xa143c7,160,MMMG,MMMG,MMMG,92.862,3.2898
302,XA144c3,xa144c3,47,98,2,147,0.319727891,MMMG,xa144c3,161,MMMG,MMMG,MMMG,92.804,3.2799
303,XA145c3,xa145c3,25,106,1,132,0.189393939,MMMG,xa145c3,145,MMMG,MMMG,MMMG,92.3161,2.7961
304,XA146c1,xa146c1,32,80,0,112,0.285714286,MMMG,xa146c1,128,MMMG,MMMG,MMMG,92.8623,2.7461
305,XA147c2,xa147c2,21,103,0,124,0.169354839,MMMG,,NA,,NO,NA,92.0921,2.7111
306,XA151c6,xa151c6,13,117,0,130,0.1,MMMG,,NA,,NO,NA,91.7357,3.119
307,XA153c1,xa153c1,20,100,0,120,0.166666667,MMMG,,NA,,NO,NA,91.9208,2.6114
308,XA154c1,xa154c1,25,101,1,127,0.196850394,MMMG,xa154c1,141,MMMG,MMMG,MMMG,92.2137,2.8174
309,XA156c1,xa156c1,10,106,1,117,0.085470085,MMMG,,NA,,NO,NA,91.9303,2.6564
310,XA186c3,xa186c3,14,128,0,142,0.098591549,MMMG,xa186c3,157,MMMG,MMMG,MMMG,91.6949,3.2316
311,XA187c1,xa187c1,19,118,0,137,0.138686131,MMMG,,NA,,NO,NA,91.7269,3.1666
312,XA189c1,xa189c1,11,126,0,137,0.080291971,MMMG,xa189c1,151,MMMG,MMMG,MMMG,91.694,3.1767
313,XA190c1,xa190c1,19,115,0,134,0.141791045,MMMG,xa190c1,147,MMMG,MMMG,MMMG,91.7672,3.2187
314,XA191c2,xa191c2,10,129,1,140,0.071428571,MMMG,xa191c2,155,MMMG,MMMG,MMMG,91.6517,3.1923
315,XA195c1,xa195c1,11,106,1,118,0.093220339,MMMG,xa195c1,134,MMMG,MMMG,MMMG,92.0182,2.6592
316,XA196c1,xa196c1,17,106,0,123,0.138211382,MMMG,xa196c1,139,MMMG,MMMG,MMMG,92.0525,2.8377
317,XA197c1,xa197c1,16,118,1,135,0.118518519,MMMG,xa197c1,150,MMMG,MMMG,MMMG,91.763,3.067
318,XA200c2,xa200c2,12,117,1,130,0.092307692,MMMG,xa200c2,145,MMMG,MMMG,MMMG,91.7671,2.9366
319,XA201c1,xa201c1,9,107,1,117,0.076923077,MMMG,,NA,,NO,NA,91.9996,2.694
320,XA211c1,xa211c1,32,112,1,145,0.220689655,MMMG,xa211c1,160,MMMG,MMMG,MMMG,92.0557,3.3845
321,XA251c2,xa251c2,64,64,1,129,0.496124031,MMMG,xa251c2,144,MMMG,MMMG,MMMG,93.3013,2.9549
322,XA252c3,xa252c3,64,70,1,135,0.474074074,MMMG,xa252c3,149,MMMG,MMMG,MMMG,92.9134,2.8514
323,XA254c23,xa254c23,65,53,1,119,0.546218487,Tequila,xa254c23,135,Tequila,Tequila,Tequila,93.4918,2.7139
324,XA255c1,xa255c1,37,81,3,121,0.305785124,MMMG,xa255c1,136,MMMG,MMMG,MMMG,92.5689,2.8531
325,XA258c4,xa258c4,81,64,2,147,0.551020408,MMMG,,NA,,NO,NA,93.1461,3.2106
326,XA261c23,xa261c23,43,68,1,112,0.383928571,Tequila,xa261c23,127,Tequila,Tequila,Tequila,93.1143,2.5827
327,XB001c4,xb001c4,88,37,4,129,0.682170543,Tequila,xb001c4,141,Tequila,Tequila,Tequila,94.5962,2.9289
328,XB006c2,xb006c2,25,114,1,140,0.178571429,MMMG,,NA,,NO,NA,91.926,2.9838
329,XB011c1,xb011c1,12,109,1,122,0.098360656,MMMG,xb011c1,132,MMMG,MMMG,MMMG,91.929,2.6668
330,XB041c1,xb041c1,60,103,0,163,0.36809816,MMMG,xb041c1,176,MMMG,MMMG,MMMG,92.5744,3.6102
331,XB044c4,xb044c4,72,65,2,139,0.517985612,MMMG,xb044c4,153,MMMG,MMMG,MMMG,93.3079,3.003
332,XB045c4,xb045c4,65,49,3,117,0.555555556,MMMG,,NA,,NO,NA,93.5704,2.6058
333,XB047c2,xb047c2,54,79,0,133,0.406015038,MMMG,xb047c2,149,MMMG,MMMG,MMMG,92.5049,3.0113
334,XB048c1,xb048c1,48,79,0,127,0.377952756,MMMG,,NA,,NO,NA,92.4579,2.9665
335,XB050c1,xb050c1,80,70,2,152,0.526315789,MMMG,xb050c1,166,MMMG,MMMG,MMMG,93.0417,3.3648
336,XB051c4,xb051c4,81,70,1,152,0.532894737,MMMG,,NA,,NO,NA,93.0215,3.3742
337,XB052c1,xb052c1,16,84,1,101,0.158415842,MMMG,xb052c1,116,MMMG,MMMG,MMMG,92.5221,2.2567
338,XB053c1,xb053c1,44,83,1,128,0.34375,MMMG,,NA,,NO,NA,92.5973,2.8743
339,XB054c5,xb054c5,63,77,1,141,0.446808511,MMMG,xb054c5,155,MMMG,MMMG,MMMG,92.8272,3.1892
340,XB056c1,xb056c1,57,80,1,138,0.413043478,MMMG,xb056c1,150,MMMG,MMMG,MMMG,93.0478,2.9761
341,XB064c2,xb064c2,61,89,0,150,0.406666667,MMMG,xb064c2,163,MMMG,MMMG,MMMG,92.8462,3.1687
342,XB065c1,xb065c1,50,92,0,142,0.352112676,MMMG,xb065c1,157,MMMG,MMMG,MMMG,92.5396,3.1426
343,XB069c1,xb069c1,49,80,0,129,0.379844961,MMMG,,NA,,NO,NA,92.5068,2.9894
344,XB073c8,xb073c8,19,112,0,131,0.145038168,MMMG,xb073c8,145,MMMG,MMMG,MMMG,92.108,3.0481
345,XB075c7,xb075c7,1,8,0,9,0.111111111,others,xb075c7,10,others,Others,Others,93.7372,0.2397
346,XB076c1,xb076c1,46,82,1,129,0.356589147,MMMG,xb076c1,143,MMMG,MMMG,MMMG,92.7816,2.8665
347,XB094c2,xb094c2,23,106,1,130,0.176923077,MMMG,xb094c2,142,MMMG,MMMG,MMMG,92.0326,2.829
348,XB251c1,xb251c1,55,81,1,137,0.401459854,MMMG,xb251c1,148,MMMG,MMMG,MMMG,92.8969,3.058
349,XB252c1,xb252c1,54,81,1,136,0.397058824,MMMG,xb252c1,148,MMMG,MMMG,MMMG,92.8255,3.0432
350,XB254c1,xb254c1,43,86,1,130,0.330769231,MMMG,xb254c1,141,MMMG,MMMG,MMMG,92.6712,2.8685
351,XB256c3,xb256c3,61,66,0,127,0.480314961,MMMG,xb256c3,137,MMMG,MMMG,MMMG,92.7663,2.7809
352,XB258c4,xb258c4,59,72,2,133,0.443609023,MMMG,xb258c4,148,MMMG,MMMG,MMMG,92.7755,2.8347
353,YMX004549,ymx004549,21,111,1,133,0.157894737,MMMG,,NA,,NO,NA,91.881,2.969
354,YMX004563,ymx004563,21,112,2,135,0.155555556,MMMG,,NA,,NO,NA,91.8874,2.9678
355,YMX004564,ymx004564,22,114,1,137,0.160583942,MMMG,,NA,,NO,NA,91.8914,2.9799
356,YMX004566,ymx004566,19,112,2,133,0.142857143,MMMG,ymx004566,147,MMMG,MMMG,MMMG,91.7321,2.8871
357,YMX004569,ymx004569,49,79,1,129,0.379844961,MMMG,ymx004569,145,MMMG,MMMG,MMMG,92.4704,3.007
358,YMX004594,ymx004594,21,115,2,138,0.152173913,MMMG,,NA,,NO,NA,91.9104,2.9812
359,YMX004642,ymx004642,19,96,1,116,0.163793103,MMMG,ymx004642,131,MMMG,MMMG,MMMG,92.0523,2.6998
360,YMX004648,ymx004648,20,101,1,122,0.163934426,MMMG,ymx004648,138,MMMG,MMMG,MMMG,91.9883,2.6727
361,YMX004659,ymx004659,58,69,1,128,0.453125,MMMG,ymx004659,143,MMMG,MMMG,MMMG,93.063,2.7951
362,YMX004668,ymx004668,17,118,1,136,0.125,MMMG,ymx004668,151,MMMG,MMMG,MMMG,91.6855,3.1477
363,YMX004678,ymx004678,13,103,0,116,0.112068966,MMMG,,NA,,NO,NA,92.1374,2.6848
364,YMX004685,ymx004685,38,88,1,127,0.299212598,MMMG,ymx004685,141,MMMG,MMMG,MMMG,92.9434,2.8438
365,YMX004688,ymx004688,9,127,1,137,0.065693431,MMMG,,NA,,NO,NA,91.6521,3.2201
366,YMX004695,ymx004695,31,90,0,121,0.256198347,MMMG,ymx004695,137,MMMG,MMMG,MMMG,92.6004,2.8567
367,YMX005538,ymx005538,63,94,0,157,0.401273885,MMMG,ymx005538,171,MMMG,MMMG,MMMG,92.504,3.5645
368,YMX005539,ymx005539,49,89,0,138,0.355072464,MMMG,ymx005539,154,MMMG,MMMG,MMMG,92.6554,3.1741
369,YMX005541,ymx005541,19,122,1,142,0.133802817,MMMG,ymx005541,155,MMMG,MMMG,MMMG,91.979,3.2313
370,YMX005542,ymx005542,50,80,0,130,0.384615385,MMMG,ymx005542,145,MMMG,MMMG,MMMG,93.0599,2.9359
371,YMX005543,ymx005543,8,110,1,119,0.067226891,MMMG,,NA,,NO,NA,91.746,2.6069
372,YMX005545,ymx005545,15,106,0,121,0.123966942,MMMG,ymx005545,129,MMMG,MMMG,MMMG,91.5508,2.9041
373,YMX005546,ymx005546,22,106,0,128,0.171875,MMMG,ymx005546,139,MMMG,MMMG,MMMG,92.0027,2.826
374,YMX005547,ymx005547,64,67,0,131,0.488549618,MMMG,ymx005547,146,MMMG,MMMG,MMMG,93.0784,3.0032
375,YMX005548,ymx005548,56,73,0,129,0.434108527,MMMG,ymx005548,143,MMMG,MMMG,MMMG,92.9052,3.1439
376,YMX005549,ymx005549,76,79,0,155,0.490322581,MMMG,ymx005549,167,MMMG,MMMG,MMMG,93.2806,3.4671
377,YMX005550,ymx005550,71,66,0,137,0.518248175,MMMG,ymx005550,151,MMMG,MMMG,MMMG,93.006,3.0536
378,YMX005551,ymx005551,52,80,1,133,0.390977444,MMMG,ymx005551,144,MMMG,MMMG,MMMG,92.8968,3.1418
379,YMX005552,ymx005552,53,79,1,133,0.398496241,MMMG,ymx005552,145,MMMG,MMMG,MMMG,92.9589,3.0879
380,YMX005553,ymx005553,68,91,2,161,0.422360248,MMMG,ymx005553,175,MMMG,MMMG,MMMG,92.8665,3.7812
381,YMX005554,ymx005554,81,76,0,157,0.515923567,MMMG,ymx005554,167,MMMG,MMMG,MMMG,93.0051,3.6996
382,YMX005555,ymx005555,49,85,0,134,0.365671642,MMMG,ymx005555,144,MMMG,MMMG,MMMG,92.8303,3.1758
383,YMX005556,ymx005556,49,90,2,141,0.34751773,MMMG,ymx005556,152,MMMG,MMMG,MMMG,93.3652,3.1255
384,YMX005557,ymx005557,11,128,0,139,0.079136691,MMMG,ymx005557,153,MMMG,MMMG,MMMG,91.7534,3.0799
385,YMX005558,ymx005558,49,83,0,132,0.371212121,MMMG,ymx005558,147,MMMG,MMMG,MMMG,92.6911,2.9776
386,YMX005559,ymx005559,14,115,0,129,0.108527132,MMMG,ymx005559,144,MMMG,MMMG,MMMG,91.7801,2.8746
387,YMX005561,ymx005561,21,112,1,134,0.156716418,MMMG,ymx005561,149,MMMG,MMMG,MMMG,92.0699,3.0993
388,YMX005563,ymx005563,39,91,0,130,0.3,MMMG,ymx005563,146,MMMG,MMMG,MMMG,92.8511,3.0871
389,YMX005564,ymx005564,41,89,0,130,0.315384615,MMMG,ymx005564,146,MMMG,MMMG,MMMG,92.6857,3.0581
390,YMX005565,ymx005565,56,82,1,139,0.402877698,Tamaulipas,ymx005565,152,Tamaulipas,Tamaulipas,Tamaulipas,92.9127,2.9008
391,YMX005566,ymx005566,93,73,1,167,0.556886228,Tamaulipas,ymx005566,179,Tamaulipas,Tamaulipas,Tamaulipas,93.1619,3.3607
392,YMX005569,ymx005569,11,94,0,105,0.104761905,MMMG,ymx005569,122,MMMG,MMMG,MMMG,92.3603,2.4191
393,YMX005570,ymx005570,13,86,0,99,0.131313131,MMMG,ymx005570,116,MMMG,MMMG,MMMG,92.439,2.2358
394,YMX005571,ymx005571,52,82,0,134,0.388059701,MMMG,ymx005571,150,MMMG,MMMG,MMMG,92.9036,3.1093
395,YMX005572,ymx005572,51,94,0,145,0.351724138,MMMG,ymx005572,159,MMMG,MMMG,MMMG,92.8336,3.3756
396,YMX005573,ymx005573,21,104,0,125,0.168,MMMG,ymx005573,138,MMMG,MMMG,MMMG,92.0787,2.9631
397,YMX005574,ymx005574,22,104,0,126,0.174603175,MMMG,,NA,,NO,NA,92.0758,2.9677
398,YMX005575,ymx005575,44,89,2,135,0.325925926,MMMG,ymx005575,149,MMMG,MMMG,MMMG,92.6024,3.0638
399,YMX005576,ymx005576,15,114,1,130,0.115384615,MMMG,ymx005576,144,MMMG,MMMG,MMMG,91.8516,3.0684
400,YMX005577,ymx005577,22,110,1,133,0.165413534,MMMG,ymx005577,148,MMMG,MMMG,MMMG,91.882,2.953
401,YMX005583,ymx005583,9,106,0,115,0.07826087,MMMG,ymx005583,130,MMMG,MMMG,MMMG,91.9737,2.6692
402,YMX005584,ymx005584,22,98,2,122,0.180327869,MMMG,ymx005584,136,MMMG,MMMG,MMMG,92.1874,2.7885
403,YMX005585,ymx005585,14,102,2,118,0.118644068,MMMG,ymx005585,135,MMMG,MMMG,MMMG,92.1936,2.7151
404,YMX005586,ymx005586,31,107,1,139,0.223021583,MMMG,ymx005586,153,MMMG,MMMG,MMMG,92.1696,3.2195
405,YMX005587,ymx005587,90,74,1,165,0.545454545,Tamaulipas,ymx005587,178,Tamaulipas,Tamaulipas,Tamaulipas,93.0058,3.2878
406,YMX005588,ymx005588,83,77,0,160,0.51875,Tamaulipas,ymx005588,172,Tamaulipas,Tamaulipas,Tamaulipas,93.1671,3.1866
407,YMX005590,ymx005590,15,101,1,117,0.128205128,MMMG,ymx005590,132,MMMG,MMMG,MMMG,92.129,2.6542
408,YMX005591,ymx005591,20,100,1,121,0.165289256,MMMG,ymx005591,134,MMMG,MMMG,MMMG,91.8881,2.605
409,YMX005592,ymx005592,21,104,2,127,0.165354331,MMMG,ymx005592,141,MMMG,MMMG,MMMG,92.1975,2.774
410,YMX005593,ymx005593,22,102,1,125,0.176,MMMG,ymx005593,141,MMMG,MMMG,MMMG,92.1511,2.786
411,YMX005594,ymx005594,13,115,0,128,0.1015625,MMMG,ymx005594,140,MMMG,MMMG,MMMG,91.6924,3.1087
412,YMX005595,ymx005595,21,81,0,102,0.205882353,MMMG,ymx005595,115,MMMG,MMMG,MMMG,92.4791,2.4339
413,YMX005596,ymx005596,71,76,1,148,0.47972973,MMMG,ymx005596,162,MMMG,MMMG,MMMG,93.0549,3.2397
414,YMX005597,ymx005597,18,111,1,130,0.138461538,MMMG,ymx005597,145,MMMG,MMMG,MMMG,91.433,3.1333
415,YMX005599,ymx005599,14,112,1,127,0.11023622,MMMG,,NA,,NO,NA,91.5436,2.886
416,YMX005600,ymx005600,11,112,1,124,0.088709677,MMMG,ymx005600,136,MMMG,MMMG,MMMG,91.3074,2.8672
417,YMX005601,ymx005601,15,118,2,135,0.111111111,MMMG,ymx005601,146,MMMG,MMMG,MMMG,91.7984,3.026
418,YMX005602,ymx005602,16,118,1,135,0.118518519,MMMG,,NA,,NO,NA,91.6919,2.9625
419,YMX005603,ymx005603,13,114,1,128,0.1015625,MMMG,ymx005603,141,MMMG,MMMG,MMMG,91.5153,2.8835
420,YMX005604,ymx005604,14,117,1,132,0.106060606,MMMG,,NA,,NO,NA,91.7312,2.9577
421,YMX005608,ymx005608,19,104,0,123,0.154471545,MMMG,,NA,,NO,NA,92.0907,2.7238
422,YMX005609,ymx005609,20,102,0,122,0.163934426,MMMG,ymx005609,135,MMMG,MMMG,MMMG,92.094,2.7383
423,YMX005610,ymx005610,13,122,2,137,0.094890511,MMMG,,NA,,NO,NA,91.7624,2.9759
424,YMX005611,ymx005611,14,121,2,137,0.102189781,MMMG,,NA,,NO,NA,91.7847,2.9836
425,YMX005612,ymx005612,13,122,1,136,0.095588235,MMMG,ymx005612,147,MMMG,MMMG,MMMG,91.8443,2.9929
426,YMX005616,ymx005616,49,81,1,131,0.374045802,MMMG,ymx005616,147,MMMG,MMMG,MMMG,92.9404,3.0169
427,YMX005617,ymx005617,21,98,1,120,0.175,MMMG,,NA,,NO,NA,92.2434,2.6885
428,YMX005618,ymx005618,18,102,1,121,0.148760331,MMMG,ymx005618,136,MMMG,MMMG,MMMG,92.236,2.6865
429,YMX005619,ymx005619,72,74,1,147,0.489795918,MMMG,,NA,,NO,NA,93.0383,3.2335
430,YMX005620,ymx005620,13,116,1,130,0.1,MMMG,ymx005620,140,MMMG,MMMG,MMMG,91.7948,2.9021
431,YMX005621,ymx005621,15,113,1,129,0.11627907,MMMG,ymx005621,141,MMMG,MMMG,MMMG,91.7395,2.8856
432,YMX005622,ymx005622,12,120,2,134,0.089552239,MMMG,ymx005622,145,MMMG,MMMG,MMMG,91.6038,2.9962
433,YMX005625,ymx005625,13,119,1,133,0.097744361,MMMG,,NA,,NO,NA,91.0775,2.9465
434,YMX005626,ymx005626,14,120,2,136,0.102941176,MMMG,ymx005626,148,MMMG,MMMG,MMMG,91.7024,3.0498
435,YMX005627,ymx005627,13,123,0,136,0.095588235,MMMG,,NA,,NO,NA,91.4518,2.9888
436,YMX005628,ymx005628,12,117,0,129,0.093023256,MMMG,ymx005628,141,MMMG,MMMG,MMMG,90.9049,2.829
437,YMX005629,ymx005629,13,123,2,138,0.094202899,MMMG,,NA,,NO,NA,91.6871,2.9569
438,YMX005630,ymx005630,11,121,1,133,0.082706767,MMMG,ymx005630,145,MMMG,MMMG,MMMG,91.6959,2.9262
439,YMX005632,ymx005632,13,113,1,127,0.102362205,MMMG,ymx005632,140,MMMG,MMMG,MMMG,91.6214,2.9245
440,YMX005633,ymx005633,14,113,1,128,0.109375,MMMG,ymx005633,139,MMMG,MMMG,MMMG,91.6399,2.9026
441,YMX005635,ymx005635,3,9,0,12,0.25,others,ymx005635,13,others,Others,Others,95.024,0.2992
442,YMX005636,ymx005636,3,10,0,13,0.230769231,others,ymx005636,14,others,Others,Others,94.828,0.3661
443,YMX005637,ymx005637,3,15,0,18,0.166666667,others,ymx005637,19,others,Others,Others,94.7873,0.5209
444,YMX005638,ymx005638,3,10,0,13,0.230769231,others,ymx005638,14,others,Others,Others,94.9862,0.3409
445,YMX005639,ymx005639,28,41,0,69,0.405797101,Tequila,ymx005639,80,Tequila,Tequila,Tequila,93.0941,1.546
446,YMX005640,ymx005640,31,46,2,79,0.392405063,Tequila,ymx005640,88,Tequila,Tequila,Tequila,94.3079,1.9745
447,YMX005641,ymx005641,3,10,0,13,0.230769231,others,ymx005641,14,others,Others,Others,95.0562,0.2888
448,YMX005642,ymx005642,45,49,3,97,0.463917526,Tequila,ymx005642,111,Tequila,Tequila,Tequila,94.0118,2.1806
449,YMX005645,ymx005645,59,30,0,89,0.662921348,Tequila,ymx005645,104,Tequila,Tequila,Tequila,93.8803,2.1041
450,YMX005646,ymx005646,50,82,1,133,0.37593985,Tequila,ymx005646,149,Tequila,Tequila,Tequila,93.4352,2.9531
451,YMX005648,ymx005648,3,10,0,13,0.230769231,others,,NA,,Others,Others,95.1289,0.2967
452,YMX506F12,ymx506f12,248,116,0,364,0.681318681,Tamaulipas,ymx506f12,373,Tamaulipas,Tamaulipas,Tamaulipas,92.5148,7.0155
453,YMX506H07,ymx506h07,53,67,1,121,0.438016529,MMMG,ymx506h07,137,MMMG,MMMG,MMMG,92.7268,2.5395
454,YMX506H08,ymx506h08,61,48,2,111,0.54954955,MMMG,ymx506h08,125,MMMG,MMMG,MMMG,93.4875,2.5579
455,YMX506H09,ymx506h09,62,88,3,153,0.405228758,MMMG,ymx506h09,168,MMMG,MMMG,MMMG,92.9787,3.5232
456,YMX507A02,ymx507a02,19,116,0,135,0.140740741,MMMG,ymx507a02,149,MMMG,MMMG,MMMG,91.8505,3.1341
457,YMX507A04,ymx507a04,153,104,2,259,0.590733591,Tamaulipas,ymx507a04,269,Tamaulipas,Tamaulipas,Tamaulipas,92.6314,5.0922
458,YMX507A05,ymx507a05,168,89,1,258,0.651162791,Tamaulipas,ymx507a05,268,Tamaulipas,Tamaulipas,Tamaulipas,92.7998,5.0822
459,YMX507A06,ymx507a06,56,94,1,151,0.370860927,Tamaulipas,ymx507a06,166,Tamaulipas,Tamaulipas,Tamaulipas,92.5866,3.1751
460,YMX507A07,ymx507a07,176,91,0,267,0.65917603,Tamaulipas,ymx507a07,277,Tamaulipas,Tamaulipas,Tamaulipas,92.8388,5.2198
461,YMX507B01,ymx507b01,51,21,1,73,0.698630137,Tequila,ymx507b01,81,Tequila,Tequila,Tequila,94.7129,1.5806
462,YMX507B02,ymx507b02,44,27,0,71,0.61971831,Tequila,ymx507b02,80,Tequila,Tequila,Tequila,94.6333,1.8977
463,YMX507B03,ymx507b03,43,61,1,105,0.40952381,Tequila,ymx507b03,117,Tequila,Tequila,Tequila,93.612,2.4343
464,YMX507B04,ymx507b04,39,39,2,80,0.4875,Tequila,ymx507b04,89,Tequila,Tequila,Tequila,94.2131,1.9194
465,YMX507B05,ymx507b05,56,35,2,93,0.602150538,Tequila,ymx507b05,106,Tequila,Tequila,Tequila,94.2799,2.2474
466,YMX507B06,ymx507b06,63,47,1,111,0.567567568,Tequila,ymx507b06,125,Tequila,Tequila,Tequila,94.3218,2.5666
467,YMX507B07,ymx507b07,54,52,1,107,0.504672897,Tequila,ymx507b07,123,Tequila,Tequila,Tequila,94.2169,2.45
